{
  "accuracy": 0.9940626785277075,
  "macro_precision": 0.9860938545350282,
  "macro_recall": 0.9962538619979402,
  "macro_f1": 0.9910687611129214,
  "total_time_sec": 9.997486088424921,
  "method_time_sec": 9.96850311383605,
  "train_time_sec": 8.613625936210155,
  "epochs_ran": 52.0,
  "n_train_input": 196045.0,
  "n_train_selected": 9802.0
}
