{
  "accuracy": 0.7918660287081339,
  "macro_precision": 0.8315987610599023,
  "macro_recall": 0.791866028708134,
  "macro_f1": 0.7918634580652754,
  "total_time_sec": 14.949678979814053,
  "method_time_sec": 14.906072087585926,
  "train_time_sec": 6.029701005667448,
  "epochs_ran": 62.0,
  "n_train_input": 46805.0,
  "n_train_selected": 2340.0
}
