{
  "accuracy": 0.9311346548188654,
  "macro_precision": 0.9331098289098972,
  "macro_recall": 0.9311346548188655,
  "macro_f1": 0.9301434840127119,
  "total_time_sec": 82.47811841592193,
  "method_time_sec": 2.1362059451639652,
  "train_time_sec": 80.29034099727869,
  "epochs_ran": 300.0,
  "n_train_input": 46805.0,
  "n_train_selected": 32389.0
}
