{
  "accuracy": 0.8151913875598086,
  "macro_precision": 0.8354268727113617,
  "macro_recall": 0.8151913875598087,
  "macro_f1": 0.8168482058106452,
  "total_time_sec": 11.736702919006348,
  "method_time_sec": 11.693882182240486,
  "train_time_sec": 2.793009679764509,
  "epochs_ran": 54.0,
  "n_train_input": 46805.0,
  "n_train_selected": 2340.0
}
