{
  "accuracy": 0.8176084099868594,
  "macro_precision": 0.851654744716878,
  "macro_recall": 0.7527998882710675,
  "macro_f1": 0.7733770879204247,
  "total_time_sec": 2.128428466618061,
  "method_time_sec": 2.109239362180233,
  "train_time_sec": 1.1767252758145332,
  "epochs_ran": 54.0,
  "n_train_input": 15215.0,
  "n_train_selected": 1522.0
}
