{
  "accuracy": 0.9926548600342773,
  "macro_precision": 0.9829404731991223,
  "macro_recall": 0.9953293212562666,
  "macro_f1": 0.9889772605358842,
  "total_time_sec": 10.011099584400654,
  "method_time_sec": 9.982009712606668,
  "train_time_sec": 8.58219725266099,
  "epochs_ran": 52.0,
  "n_train_input": 196045.0,
  "n_train_selected": 9802.0
}
