{
  "accuracy": 0.8403964456596036,
  "macro_precision": 0.8431623401168769,
  "macro_recall": 0.8403964456596036,
  "macro_f1": 0.8403745020251424,
  "total_time_sec": 6.2403391264379025,
  "method_time_sec": 6.198412753641605,
  "train_time_sec": 5.2858825251460075,
  "epochs_ran": 119.0,
  "n_train_input": 46805.0,
  "n_train_selected": 2340.0
}
