{
  "accuracy": 0.9119496855345912,
  "macro_precision": 0.9159361089272092,
  "macro_recall": 0.9120524251867537,
  "macro_f1": 0.9124918354457833,
  "total_time_sec": 3.4020840041339397,
  "method_time_sec": 3.3804776556789875,
  "train_time_sec": 2.5203800834715366,
  "epochs_ran": 247.0,
  "n_train_input": 7494.0,
  "n_train_selected": 749.0
}
