{
  "accuracy": 0.9304347826086956,
  "macro_precision": 0.9416146916146917,
  "macro_recall": 0.9116602067183464,
  "macro_f1": 0.9233333333333333,
  "total_time_sec": 0.5230822488665581,
  "method_time_sec": 0.5071524828672409,
  "train_time_sec": 0.17862419411540031,
  "epochs_ran": 65.0,
  "n_train_input": 454.0,
  "n_train_selected": 45.0
}
