{
  "accuracy": 0.9453178400546821,
  "macro_precision": 0.9457011016540183,
  "macro_recall": 0.9453178400546821,
  "macro_f1": 0.9452084895745462,
  "total_time_sec": 11.850413993000984,
  "method_time_sec": 11.799118515104055,
  "train_time_sec": 7.631932862102985,
  "epochs_ran": 300.0,
  "n_train_input": 46805.0,
  "n_train_selected": 2340.0
}
