{
  "accuracy": 0.7477267921336435,
  "macro_precision": 0.6150933927446215,
  "macro_recall": 0.5627253951083343,
  "macro_f1": 0.564787471500804,
  "total_time_sec": 5.829449724406004,
  "method_time_sec": 0.23576956987380981,
  "train_time_sec": 5.4243462681770325,
  "epochs_ran": 300.0,
  "n_train_input": 18916.0,
  "n_train_selected": 1892.0
}
