{
  "accuracy": 0.9539736992567182,
  "macro_precision": 0.9546404547670211,
  "macro_recall": 0.9543860871150558,
  "macro_f1": 0.953955522208888,
  "total_time_sec": 1.8085403107106686,
  "method_time_sec": 1.7863009683787823,
  "train_time_sec": 1.1913991123437881,
  "epochs_ran": 105.0,
  "n_train_input": 7494.0,
  "n_train_selected": 749.0
}
