{
  "accuracy": 1.0,
  "macro_precision": 1.0,
  "macro_recall": 1.0,
  "macro_f1": 1.0,
  "total_time_sec": 0.730239849537611,
  "method_time_sec": 0.7044500522315502,
  "train_time_sec": 0.3675962835550308,
  "epochs_ran": 94.0,
  "n_train_input": 1097.0,
  "n_train_selected": 110.0
}
