{
  "accuracy": 0.9739130434782609,
  "macro_precision": 0.9743966079582518,
  "macro_recall": 0.9697997416020672,
  "macro_f1": 0.9720081135902636,
  "total_time_sec": 1.6169776394963264,
  "method_time_sec": 0.40644941106438637,
  "train_time_sec": 1.193470612168312,
  "epochs_ran": 140.0,
  "n_train_input": 454.0,
  "n_train_selected": 371.0
}
