{
  "accuracy": 0.9391304347826087,
  "macro_precision": 0.9368884540117417,
  "macro_recall": 0.9326550387596899,
  "macro_f1": 0.9346855983772819,
  "total_time_sec": 0.628951296210289,
  "method_time_sec": 0.612746000289917,
  "train_time_sec": 0.23969490826129913,
  "epochs_ran": 84.0,
  "n_train_input": 454.0,
  "n_train_selected": 45.0
}
