{
  "accuracy": 0.7913043478260869,
  "macro_precision": 0.7902298850574713,
  "macro_recall": 0.8099160206718347,
  "macro_f1": 0.7876923076923077,
  "total_time_sec": 2.1491039842367172,
  "method_time_sec": 2.126445759087801,
  "train_time_sec": 1.119396936148405,
  "epochs_ran": 364.0,
  "n_train_input": 454.0,
  "n_train_selected": 45.0
}
