{
  "accuracy": 0.9478260869565217,
  "macro_precision": 0.9542847503373819,
  "macro_recall": 0.9349160206718347,
  "macro_f1": 0.9431443638760713,
  "total_time_sec": 1.006804771721363,
  "method_time_sec": 0.36763331294059753,
  "train_time_sec": 0.6166800707578659,
  "epochs_ran": 405.0,
  "n_train_input": 454.0,
  "n_train_selected": 30.0
}
