{
  "accuracy": 0.9478260869565217,
  "macro_precision": 0.9442829457364341,
  "macro_recall": 0.9442829457364341,
  "macro_f1": 0.9442829457364341,
  "total_time_sec": 0.681332815438509,
  "method_time_sec": 0.6582854650914669,
  "train_time_sec": 0.26805562898516655,
  "epochs_ran": 53.0,
  "n_train_input": 454.0,
  "n_train_selected": 45.0
}
