{
  "accuracy": 0.831766917293233,
  "macro_precision": 0.8509974144127405,
  "macro_recall": 0.831766917293233,
  "macro_f1": 0.8315984995350341,
  "total_time_sec": 13.273234281688929,
  "method_time_sec": 13.22949631139636,
  "train_time_sec": 4.366365998983383,
  "epochs_ran": 58.0,
  "n_train_input": 46805.0,
  "n_train_selected": 2340.0
}
