{
  "accuracy": 0.9739130434782609,
  "macro_precision": 0.9743966079582518,
  "macro_recall": 0.9697997416020672,
  "macro_f1": 0.9720081135902636,
  "total_time_sec": 0.5922058895230293,
  "method_time_sec": 0.57164141908288,
  "train_time_sec": 0.2882159389555454,
  "epochs_ran": 169.0,
  "n_train_input": 454.0,
  "n_train_selected": 45.0
}
