{
  "accuracy": 0.9365174299384825,
  "macro_precision": 0.9365886683134346,
  "macro_recall": 0.9365174299384826,
  "macro_f1": 0.936435158737109,
  "total_time_sec": 8.474988542497158,
  "method_time_sec": 8.430667042732239,
  "train_time_sec": 4.850671414285898,
  "epochs_ran": 100.0,
  "n_train_input": 46805.0,
  "n_train_selected": 2340.0
}
