{
  "accuracy": 0.8503825010571637,
  "macro_precision": 0.8529800777908482,
  "macro_recall": 0.7619143603194322,
  "macro_f1": 0.790094518238718,
  "total_time_sec": 14.117405582219362,
  "method_time_sec": 14.02929075434804,
  "train_time_sec": 12.394324462860823,
  "epochs_ran": 58.0,
  "n_train_input": 104051.0,
  "n_train_selected": 5203.0
}
