{
  "accuracy": 0.991304347826087,
  "macro_precision": 0.9931506849315068,
  "macro_recall": 0.9883720930232558,
  "macro_f1": 0.9906693711967546,
  "total_time_sec": 0.8008100092411041,
  "method_time_sec": 0.7765903882682323,
  "train_time_sec": 0.41914258897304535,
  "epochs_ran": 289.0,
  "n_train_input": 454.0,
  "n_train_selected": 45.0
}
