{
  "accuracy": 0.8887863760427479,
  "macro_precision": 0.8801232091934764,
  "macro_recall": 0.8362708914541133,
  "macro_f1": 0.8542832153910842,
  "total_time_sec": 15.629588898271322,
  "method_time_sec": 15.552420374006033,
  "train_time_sec": 13.595945708453655,
  "epochs_ran": 58.0,
  "n_train_input": 104051.0,
  "n_train_selected": 5203.0
}
