{
  "accuracy": 0.8501971090670171,
  "macro_precision": 0.8494961608422001,
  "macro_recall": 0.8157263319767114,
  "macro_f1": 0.8281453244688539,
  "total_time_sec": 55.53187522664666,
  "method_time_sec": 44.662957675755024,
  "train_time_sec": 10.846484292298555,
  "epochs_ran": 163.0,
  "n_train_input": 15215.0,
  "n_train_selected": 8760.0
}
