{
  "accuracy": 0.9964702521831388,
  "macro_precision": 0.9917399152516818,
  "macro_recall": 0.9976640708748759,
  "macro_f1": 0.9946668088771127,
  "total_time_sec": 21.369661886245012,
  "method_time_sec": 21.341157354414463,
  "train_time_sec": 20.73314507678151,
  "epochs_ran": 125.0,
  "n_train_input": 196045.0,
  "n_train_selected": 8500.0
}
