{
  "accuracy": 0.9186602870813397,
  "macro_precision": 0.9199587059064296,
  "macro_recall": 0.9186602870813396,
  "macro_f1": 0.9173565236496356,
  "total_time_sec": 15.003091018646955,
  "method_time_sec": 14.946583673357964,
  "train_time_sec": 4.056946057826281,
  "epochs_ran": 124.0,
  "n_train_input": 46805.0,
  "n_train_selected": 2340.0
}
