{
  "accuracy": 0.8842117402837043,
  "macro_precision": 0.8738552387312718,
  "macro_recall": 0.8304595369565806,
  "macro_f1": 0.8482372451475102,
  "total_time_sec": 20.30131223797798,
  "method_time_sec": 6.138339973986149,
  "train_time_sec": 13.762874752283096,
  "epochs_ran": 250.0,
  "n_train_input": 104051.0,
  "n_train_selected": 5203.0
}
