{
  "accuracy": 0.9028016009148084,
  "macro_precision": 0.9090015734281478,
  "macro_recall": 0.9030576479151785,
  "macro_f1": 0.9036534825036767,
  "total_time_sec": 2.460691846907139,
  "method_time_sec": 2.439369071274996,
  "train_time_sec": 1.9599225521087646,
  "epochs_ran": 183.0,
  "n_train_input": 7494.0,
  "n_train_selected": 749.0
}
