{
  "accuracy": 0.9438653451811346,
  "macro_precision": 0.9444304848707413,
  "macro_recall": 0.9438653451811345,
  "macro_f1": 0.9437882260221812,
  "total_time_sec": 13.234190084040165,
  "method_time_sec": 13.187813866883516,
  "train_time_sec": 9.705453645437956,
  "epochs_ran": 136.0,
  "n_train_input": 46805.0,
  "n_train_selected": 2340.0
}
