{
  "accuracy": 0.9818181818181818,
  "macro_precision": 0.9803149606299213,
  "macro_recall": 0.9836601307189543,
  "macro_f1": 0.9816541915168981,
  "total_time_sec": 0.6553104519844055,
  "method_time_sec": 0.6399701200425625,
  "train_time_sec": 0.2436571568250656,
  "epochs_ran": 52.0,
  "n_train_input": 1097.0,
  "n_train_selected": 110.0
}
