{
  "accuracy": 0.9665523156089194,
  "macro_precision": 0.9674911770075978,
  "macro_recall": 0.967337553897934,
  "macro_f1": 0.9671116129740485,
  "total_time_sec": 1.6134660094976425,
  "method_time_sec": 1.5875996761023998,
  "train_time_sec": 0.9924312420189381,
  "epochs_ran": 90.0,
  "n_train_input": 7494.0,
  "n_train_selected": 749.0
}
