{
  "accuracy": 0.79861,
  "macro_precision": 0.803446427017656,
  "macro_recall": 0.7919017842625153,
  "macro_f1": 0.7941814469395756,
  "total_time_sec": 5239.028061322868,
  "method_time_sec": 61.3007779084146,
  "train_time_sec": 5176.164085924625,
  "epochs_ran": 120.0,
  "n_train_input": 4500000.0,
  "n_train_selected": 3245308.0
}
