{
  "accuracy": 0.9210977701543739,
  "macro_precision": 0.9226673440490863,
  "macro_recall": 0.9217256889424462,
  "macro_f1": 0.9211121299221305,
  "total_time_sec": 3.596395369619131,
  "method_time_sec": 3.567254714667797,
  "train_time_sec": 2.513096798211336,
  "epochs_ran": 252.0,
  "n_train_input": 7494.0,
  "n_train_selected": 749.0
}
