{
  "accuracy": 0.7953444344047158,
  "macro_precision": 0.7375589790311577,
  "macro_recall": 0.6260800232221578,
  "macro_f1": 0.653412242622058,
  "total_time_sec": 43.14561181515455,
  "method_time_sec": 42.74880864098668,
  "train_time_sec": 38.7263929694891,
  "epochs_ran": 180.0,
  "n_train_input": 464807.0,
  "n_train_selected": 12240.0
}
