{
  "accuracy": 0.702439654059636,
  "macro_precision": 0.6078187346099669,
  "macro_recall": 0.4653091891575136,
  "macro_f1": 0.48065088781528903,
  "total_time_sec": 287.74140179529786,
  "method_time_sec": 287.36281698197126,
  "train_time_sec": 22.5215557590127,
  "epochs_ran": 52.0,
  "n_train_input": 464807.0,
  "n_train_selected": 23240.0
}
