{
  "accuracy": 0.9043478260869565,
  "macro_precision": 0.8946153846153846,
  "macro_recall": 0.9142441860465116,
  "macro_f1": 0.9007142296523036,
  "total_time_sec": 0.8469374738633633,
  "method_time_sec": 0.002523645758628845,
  "train_time_sec": 0.584862757474184,
  "epochs_ran": 443.0,
  "n_train_input": 454.0,
  "n_train_selected": 45.0
}
