{
  "accuracy": 0.9973067820125684,
  "macro_precision": 0.9936979022193949,
  "macro_recall": 0.9981918772600459,
  "macro_f1": 0.9959247494841642,
  "total_time_sec": 25.318410992622375,
  "method_time_sec": 25.282484862953424,
  "train_time_sec": 22.82847837358713,
  "epochs_ran": 164.0,
  "n_train_input": 196045.0,
  "n_train_selected": 9802.0
}
