{
  "accuracy": 0.9665523156089194,
  "macro_precision": 0.9674911770075978,
  "macro_recall": 0.967337553897934,
  "macro_f1": 0.9671116129740485,
  "total_time_sec": 1.6522392518818378,
  "method_time_sec": 1.6299253106117249,
  "train_time_sec": 1.014387670904398,
  "epochs_ran": 90.0,
  "n_train_input": 7494.0,
  "n_train_selected": 749.0
}
