{
  "accuracy": 0.8744019138755981,
  "macro_precision": 0.874153146937184,
  "macro_recall": 0.8744019138755981,
  "macro_f1": 0.8735426540076446,
  "total_time_sec": 15.686360031366348,
  "method_time_sec": 9.476040363311768,
  "train_time_sec": 5.977690115571022,
  "epochs_ran": 300.0,
  "n_train_input": 46805.0,
  "n_train_selected": 2340.0
}
