{
  "accuracy": 0.806841357945011,
  "macro_precision": 0.7275336299565228,
  "macro_recall": 0.6518538426798278,
  "macro_f1": 0.6720336915533872,
  "total_time_sec": 43.448726899921894,
  "method_time_sec": 43.0425644852221,
  "train_time_sec": 38.97424756735563,
  "epochs_ran": 180.0,
  "n_train_input": 464807.0,
  "n_train_selected": 12240.0
}
