{
  "accuracy": 0.866781017724414,
  "macro_precision": 0.8773110381971108,
  "macro_recall": 0.8665543541713827,
  "macro_f1": 0.8664139224936511,
  "total_time_sec": 2.3331677056849003,
  "method_time_sec": 2.3147359751164913,
  "train_time_sec": 0.7445525825023651,
  "epochs_ran": 54.0,
  "n_train_input": 7494.0,
  "n_train_selected": 749.0
}
