{
  "accuracy": 0.625596,
  "macro_precision": 0.6263586930090301,
  "macro_recall": 0.6271807023649822,
  "macro_f1": 0.6252038158575077,
  "total_time_sec": 652.3155986219645,
  "method_time_sec": 594.4433919414878,
  "train_time_sec": 56.285703990608454,
  "epochs_ran": 120.0,
  "n_train_input": 4500000.0,
  "n_train_selected": 45000.0
}
