{
  "accuracy": 0.9478260869565217,
  "macro_precision": 0.9542847503373819,
  "macro_recall": 0.9349160206718347,
  "macro_f1": 0.9431443638760713,
  "total_time_sec": 0.7554197758436203,
  "method_time_sec": 0.7276261411607265,
  "train_time_sec": 0.26501111686229706,
  "epochs_ran": 53.0,
  "n_train_input": 454.0,
  "n_train_selected": 45.0
}
